Images link 1,Image Name
https://m.media-amazon.com/images/I/610hnPfM5ZL._SL1280_.jpg,1_1
https://m.media-amazon.com/images/I/51Bd+wEvNAL._SL1500_.jpg,2_1
https://m.media-amazon.com/images/I/51TLewKzYRL._SL1500_.jpg,3_1
https://m.media-amazon.com/images/I/61Tc8TMcldL._SL1500_.jpg,4_1
https://m.media-amazon.com/images/I/61fLe2N9zhL._SL1500_.jpg,5_1
https://m.media-amazon.com/images/I/51oDYgWBoXL._SX679_.jpg,6_1
https://m.media-amazon.com/images/I/51XbdIB8ZgL._SL1500_.jpg,7_1
https://m.media-amazon.com/images/I/515ewiCNXgL._SL1500_.jpg,8_1
https://m.media-amazon.com/images/I/61-LPT3AfzL._SL1500_.jpg,9_1
https://m.media-amazon.com/images/I/61+jo1NB8JL._SL1500_.jpg,10_1
https://m.media-amazon.com/images/I/61TPQSuSuoL._SL1500_.jpg,11_1
https://m.media-amazon.com/images/I/61VEOTOKzhL._SL1500_.jpg,12_1
https://m.media-amazon.com/images/I/61-Yvlex0lL._SL1500_.jpg,13_1
https://m.media-amazon.com/images/I/51IvRyv3OUL._SL1500_.jpg,14_1
https://m.media-amazon.com/images/I/51Ffpbig8TL._SL1500_.jpg,15_1
https://m.media-amazon.com/images/I/518euPjTLIL._SL1500_.jpg,16_1
https://m.media-amazon.com/images/I/51jqZHBIo7L._SL1500_.jpg,17_1
https://m.media-amazon.com/images/I/513lVwnMeGL._SL1500_.jpg,18_1
https://m.media-amazon.com/images/I/51ICXPwbYbL._SL1500_.jpg,19_1
https://m.media-amazon.com/images/I/51UiwL-QnRL._SL1500_.jpg,20_1
https://m.media-amazon.com/images/I/51WgDRboiZL._SL1500_.jpg,21_1
https://m.media-amazon.com/images/I/51bEs1dAdlL._SL1500_.jpg,22_1
https://m.media-amazon.com/images/I/61igTdrV3jL._SL1500_.jpg,23_1
https://m.media-amazon.com/images/I/31Mlo7JDWgL.jpg,24_1
https://m.media-amazon.com/images/I/31Mlo7JDWgL.jpg,25_1
https://m.media-amazon.com/images/I/51M4QtybhUL._SL1500_.jpg,26_1
https://m.media-amazon.com/images/I/51UVgQbHsRL._SL1500_.jpg,27_1
https://m.media-amazon.com/images/I/51DS8ouTf+L._SL1500_.jpg,28_1
https://m.media-amazon.com/images/I/51AJkAsvCoL._SL1500_.jpg,29_1
https://m.media-amazon.com/images/I/51ik-cZuHKL._SL1500_.jpg,30_1
https://m.media-amazon.com/images/I/51+xbT+TdnL._SL1500_.jpg,31_1
https://m.media-amazon.com/images/I/51qrDjdRVuL._SL1500_.jpg,32_1
https://m.media-amazon.com/images/I/51abesONyML._SL1500_.jpg,33_1
https://m.media-amazon.com/images/I/51F5gPM48QL._SL1500_.jpg,34_1
https://m.media-amazon.com/images/I/611y3e5OL5L._SL1500_.jpg,35_1
https://m.media-amazon.com/images/I/71kL6j9XWeL._SL1500_.jpg,36_1
https://m.media-amazon.com/images/I/51Z9uix5-dL._SL1500_.jpg,37_1
https://m.media-amazon.com/images/I/61PVeQ5DttL._SL1500_.jpg,38_1
https://m.media-amazon.com/images/I/51CoJFfMlLL._SL1500_.jpg,39_1
https://m.media-amazon.com/images/I/61WBxhPkOnL._SL1500_.jpg,40_1
https://m.media-amazon.com/images/I/61grGGU3qEL._SL1500_.jpg,41_1
https://m.media-amazon.com/images/I/71OLp8eMN1L._SL1500_.jpg,42_1
https://m.media-amazon.com/images/I/715GOEGCq1L._SL1500_.jpg,43_1
https://m.media-amazon.com/images/I/71pkdMjDTcL._SL1500_.jpg,44_1
https://m.media-amazon.com/images/I/619fFnoSf5L._SL1500_.jpg,45_1
https://m.media-amazon.com/images/I/61nPZKqNJUL._SL1500_.jpg,46_1
https://m.media-amazon.com/images/I/61A1gXrAADL._SL1500_.jpg,47_1
https://m.media-amazon.com/images/I/71twlj8hOaL._SX679_.jpg,48_1
https://m.media-amazon.com/images/I/714tLvvI4rL._SL1500_.jpg,49_1
https://m.media-amazon.com/images/I/510Pz7gBgDL._SL1500_.jpg,50_1
https://m.media-amazon.com/images/I/510Pz7gBgDL._SL1500_.jpg,51_1
https://m.media-amazon.com/images/I/510Pz7gBgDL._SL1500_.jpg,52_1
https://m.media-amazon.com/images/I/510Pz7gBgDL._SL1500_.jpg,53_1
https://m.media-amazon.com/images/I/510Pz7gBgDL._SL1500_.jpg,54_1
https://m.media-amazon.com/images/I/510Pz7gBgDL._SL1500_.jpg,55_1
https://m.media-amazon.com/images/I/51hlhGf1H6L._SL1500_.jpg,56_1
https://m.media-amazon.com/images/I/51KEZkE4CpL._SL1500_.jpg,57_1
https://m.media-amazon.com/images/I/71TSxQ9tEqL._SL1500_.jpg,58_1
https://m.media-amazon.com/images/I/71TSxQ9tEqL._SL1500_.jpg,59_1
https://m.media-amazon.com/images/I/71TSxQ9tEqL._SL1500_.jpg,60_1
https://m.media-amazon.com/images/I/71TSxQ9tEqL._SL1500_.jpg,61_1
https://m.media-amazon.com/images/I/71TSxQ9tEqL._SL1500_.jpg,62_1
https://m.media-amazon.com/images/I/71TSxQ9tEqL._SL1500_.jpg,63_1
https://m.media-amazon.com/images/I/51uRz+L5+IL._SL1500_.jpg,64_1
https://m.media-amazon.com/images/I/61Kj5YQBdBL._SL1500_.jpg,65_1
https://m.media-amazon.com/images/I/61ifcxa07kL._SL1500_.jpg,66_1
https://m.media-amazon.com/images/I/51uRz+L5+IL._SL1500_.jpg,67_1
https://m.media-amazon.com/images/I/61Kj5YQBdBL._SL1500_.jpg,68_1
https://m.media-amazon.com/images/I/61ifcxa07kL._SL1500_.jpg,69_1
https://m.media-amazon.com/images/I/51uRz+L5+IL._SL1500_.jpg,70_1
https://m.media-amazon.com/images/I/51uRz+L5+IL._SL1500_.jpg,71_1
https://m.media-amazon.com/images/I/51uRz+L5+IL._SL1500_.jpg,72_1
https://m.media-amazon.com/images/I/51uRz+L5+IL._SL1500_.jpg,73_1
https://m.media-amazon.com/images/I/51uRz+L5+IL._SL1500_.jpg,74_1
https://m.media-amazon.com/images/I/51uRz+L5+IL._SL1500_.jpg,75_1
https://m.media-amazon.com/images/I/71celIrZIsL._SL1500_.jpg,76_1
https://m.media-amazon.com/images/I/71celIrZIsL._SL1500_.jpg,77_1
https://m.media-amazon.com/images/I/71celIrZIsL._SL1500_.jpg,78_1
https://m.media-amazon.com/images/I/71celIrZIsL._SL1500_.jpg,79_1
https://m.media-amazon.com/images/I/51CoJFfMlLL._SL1500_.jpg,80_1
https://m.media-amazon.com/images/I/61-kK6aZPrL._SX679_.jpg,81_1
https://m.media-amazon.com/images/I/61pWdxaQi1L._SX679_.jpg,82_1
https://m.media-amazon.com/images/I/71RaWZKZKuL._SX679_.jpg,83_1
https://m.media-amazon.com/images/I/61shQ-9lj3L._SX679_.jpg,84_1
https://m.media-amazon.com/images/I/61Cbn6FdXdL._SX679_.jpg,85_1
https://m.media-amazon.com/images/I/615+rfDgmgL._SX679_.jpg,86_1
https://m.media-amazon.com/images/I/51TdIy40s2L._SL1500_.jpg,87_1
https://m.media-amazon.com/images/I/51kVFt0LoDL._SL1500_.jpg,88_1
https://m.media-amazon.com/images/I/51Veup9UVQL._SL1500_.jpg,89_1
https://m.media-amazon.com/images/I/61GJ-9ro8bL._SL1500_.jpg,90_1
https://m.media-amazon.com/images/I/61ETxTZcnuL._SL1500_.jpg,91_1
https://m.media-amazon.com/images/I/615MeNts5IL._SL1500_.jpg,92_1
https://m.media-amazon.com/images/I/512WTeeZpqL._SL1500_.jpg,93_1
https://m.media-amazon.com/images/I/51AgPJULKSL._SL1500_.jpg,94_1
https://m.media-amazon.com/images/I/415ZnTRDwVL._SL1500_.jpg,95_1
https://m.media-amazon.com/images/I/61Vw0GYFk-L._SX679_.jpg,96_1
https://m.media-amazon.com/images/I/61UxQvou6qL._SL1500_.jpg,97_1
https://m.media-amazon.com/images/I/51vs3pwZOFL._SL1500_.jpg,98_1
https://m.media-amazon.com/images/I/61AlcuUALoL._SL1500_.jpg,99_1
https://m.media-amazon.com/images/I/615v-p7rAFL._SL1500_.jpg,100_1
https://m.media-amazon.com/images/I/61h-i6NrPgL._SL1500_.jpg,101_1
https://m.media-amazon.com/images/I/61h-i6NrPgL._SL1500_.jpg,102_1
https://m.media-amazon.com/images/I/41mAP0-a8qL._SL1500_.jpg,103_1
https://m.media-amazon.com/images/I/41zZwT0JMaL._SL1500_.jpg,104_1
https://m.media-amazon.com/images/I/41l6kIp9bcL._SL1500_.jpg,105_1
https://m.media-amazon.com/images/I/41XRtGlck8L._SL1500_.jpg,106_1
https://m.media-amazon.com/images/I/41F7fc8h+4L._SL1500_.jpg,107_1
https://m.media-amazon.com/images/I/411wZTPunbL._SL1500_.jpg,108_1
https://m.media-amazon.com/images/I/51XnM2K49zL._SL1500_.jpg,109_1
https://m.media-amazon.com/images/I/61XlfScY5eL._SL1280_.jpg,1_2
https://m.media-amazon.com/images/I/6113Y9iY7cL._SL1500_.jpg,2_2
https://m.media-amazon.com/images/I/61JRnm23B1L._SL1500_.jpg,3_2
https://m.media-amazon.com/images/I/71DQ8tEY7YL._SL1500_.jpg,4_2
https://m.media-amazon.com/images/I/71tkFjeJAqL._SL1500_.jpg,5_2
https://m.media-amazon.com/images/I/71rBbg2-BJL._SL1500_.jpg,6_2
https://m.media-amazon.com/images/I/71pV8x0Wb7L._SL1500_.jpg,7_2
https://m.media-amazon.com/images/I/71PwcLIORSL._SL1500_.jpg,8_2
https://m.media-amazon.com/images/I/710-J-LxmsL._SL1500_.jpg,9_2
https://m.media-amazon.com/images/I/7136Mcv0B9L._SL1500_.jpg,10_2
https://m.media-amazon.com/images/I/71xsYyrXGZL._SL1500_.jpg,11_2
https://m.media-amazon.com/images/I/61usX-4xSEL._SL1500_.jpg,12_2
https://m.media-amazon.com/images/I/61+4mXEG+nL._SL1500_.jpg,13_2
https://m.media-amazon.com/images/I/61N+qPdCSyL._SL1500_.jpg,14_2
https://m.media-amazon.com/images/I/610jmleBssL._SL1500_.jpg,15_2
https://m.media-amazon.com/images/I/61jeN7QdSgL._SL1500_.jpg,16_2
https://m.media-amazon.com/images/I/61qaKrRGHUL._SL1500_.jpg,17_2
https://m.media-amazon.com/images/I/61Yy6Ur2AlL._SL1500_.jpg,18_2
https://m.media-amazon.com/images/I/61nsM5IidjL._SL1500_.jpg,19_2
https://m.media-amazon.com/images/I/61rGIm-9PJL._SL1500_.jpg,20_2
https://m.media-amazon.com/images/I/61+3KJfrQOL._SL1500_.jpg,21_2
https://m.media-amazon.com/images/I/610mE3pylrL._SL1500_.jpg,22_2
https://m.media-amazon.com/images/I/61uUu5+iGHL._SL1500_.jpg,23_2
https://m.media-amazon.com/images/I/31+xt6BAawL.jpg,24_2
https://m.media-amazon.com/images/I/31+xt6BAawL.jpg,25_2
https://m.media-amazon.com/images/I/61NZydZS6+L._SL1500_.jpg,26_2
https://m.media-amazon.com/images/I/61kKKTfq4bL._SL1500_.jpg,27_2
https://m.media-amazon.com/images/I/61NYZFr70PL._SL1500_.jpg,28_2
https://m.media-amazon.com/images/I/617GLcNVaBL._SL1500_.jpg,29_2
https://m.media-amazon.com/images/I/612RWWhwG9L._SL1500_.jpg,30_2
https://m.media-amazon.com/images/I/618Trr2kVlL._SL1500_.jpg,31_2
https://m.media-amazon.com/images/I/61YwdlXuG8L._SL1500_.jpg,32_2
https://m.media-amazon.com/images/I/61Nw26HrW4L._SL1500_.jpg,33_2
https://m.media-amazon.com/images/I/61W7L8QBHnL._SL1500_.jpg,34_2
https://m.media-amazon.com/images/I/71gHBXQhxZL._SL1500_.jpg,35_2
https://m.media-amazon.com/images/I/71ZDPLXBazL._SL1500_.jpg,36_2
https://m.media-amazon.com/images/I/61z6hXSZtIL._SL1500_.jpg,37_2
https://m.media-amazon.com/images/I/61z6hXSZtIL._SL1500_.jpg,38_2
https://m.media-amazon.com/images/I/711HSDYz6FL._SL1500_.jpg,39_2
https://m.media-amazon.com/images/I/71qa9IL93KL._SL1500_.jpg,40_2
https://m.media-amazon.com/images/I/71wQADQ1kBL._SL1500_.jpg,41_2
https://m.media-amazon.com/images/I/71wQADQ1kBL._SL1500_.jpg,42_2
https://m.media-amazon.com/images/I/71wQADQ1kBL._SL1500_.jpg,43_2
https://m.media-amazon.com/images/I/71wQADQ1kBL._SL1500_.jpg,44_2
https://m.media-amazon.com/images/I/71hip7vzjeL._SL1500_.jpg,45_2
https://m.media-amazon.com/images/I/71gq-bbeUXL._SL1500_.jpg,46_2
https://m.media-amazon.com/images/I/71gq-bbeUXL._SL1500_.jpg,47_2
https://m.media-amazon.com/images/I/71gq-bbeUXL._SL1500_.jpg,48_2
https://m.media-amazon.com/images/I/71gq-bbeUXL._SL1500_.jpg,49_2
https://m.media-amazon.com/images/I/61aHybGGsHL._SL1500_.jpg,50_2
https://m.media-amazon.com/images/I/61aHybGGsHL._SL1500_.jpg,51_2
https://m.media-amazon.com/images/I/61aHybGGsHL._SL1500_.jpg,52_2
https://m.media-amazon.com/images/I/61aHybGGsHL._SL1500_.jpg,53_2
https://m.media-amazon.com/images/I/61aHybGGsHL._SL1500_.jpg,54_2
https://m.media-amazon.com/images/I/61aHybGGsHL._SL1500_.jpg,55_2
https://m.media-amazon.com/images/I/61kVYgNaSkL._SL1500_.jpg,56_2
https://m.media-amazon.com/images/I/61h8j7sWFvL._SL1500_.jpg,57_2
https://m.media-amazon.com/images/I/71s3Cr91DYL._SL1500_.jpg,58_2
https://m.media-amazon.com/images/I/71s3Cr91DYL._SL1500_.jpg,59_2
https://m.media-amazon.com/images/I/71s3Cr91DYL._SL1500_.jpg,60_2
https://m.media-amazon.com/images/I/71s3Cr91DYL._SL1500_.jpg,61_2
https://m.media-amazon.com/images/I/71s3Cr91DYL._SL1500_.jpg,62_2
https://m.media-amazon.com/images/I/71s3Cr91DYL._SL1500_.jpg,63_2
https://m.media-amazon.com/images/I/71ArAtX0OeL._SL1500_.jpg,64_2
https://m.media-amazon.com/images/I/71cMgZ2tg4L._SL1500_.jpg,65_2
https://m.media-amazon.com/images/I/716zSgRQXyL._SL1500_.jpg,66_2
https://m.media-amazon.com/images/I/71+f8NBu+EL._SL1500_.jpg,67_2
https://m.media-amazon.com/images/I/71y+vpX8eaL._SL1500_.jpg,68_2
https://m.media-amazon.com/images/I/71O19g1EcML._SL1500_.jpg,69_2
https://m.media-amazon.com/images/I/71barFPQyHL._SL1500_.jpg,70_2
https://m.media-amazon.com/images/I/71Zx05tLNSL._SL1500_.jpg,71_2
https://m.media-amazon.com/images/I/71SnpZPTn0L._SX522_.jpg,72_2
https://m.media-amazon.com/images/I/716qnqgqgjL._SL1500_.jpg,73_2
https://m.media-amazon.com/images/I/71o9V+cygXL._SX522_.jpg,74_2
https://m.media-amazon.com/images/I/71YBkwgudIL._SX522_.jpg,75_2
https://m.media-amazon.com/images/I/61BqnxYC5YL._SL1500_.jpg,76_2
https://m.media-amazon.com/images/I/61BqnxYC5YL._SL1500_.jpg,77_2
https://m.media-amazon.com/images/I/61BqnxYC5YL._SL1500_.jpg,78_2
https://m.media-amazon.com/images/I/61BqnxYC5YL._SL1500_.jpg,79_2
https://m.media-amazon.com/images/I/711HSDYz6FL._SL1500_.jpg,80_2
https://m.media-amazon.com/images/I/71-heo5IdxL._SX679_.jpg,81_2
https://m.media-amazon.com/images/I/71-heo5IdxL._SX679_.jpg,82_2
https://m.media-amazon.com/images/I/71-heo5IdxL._SX679_.jpg,83_2
https://m.media-amazon.com/images/I/71aqEKvGjXL._SX679_.jpg,84_2
https://m.media-amazon.com/images/I/71Yq4lcTkFL._SX679_.jpg,85_2
https://m.media-amazon.com/images/I/71tSDmnLgxL._SX679_.jpg,86_2
https://m.media-amazon.com/images/I/61NhRBODNsL._SL1500_.jpg,87_2
https://m.media-amazon.com/images/I/61zdd8zyIxL._SL1500_.jpg,88_2
https://m.media-amazon.com/images/I/61HXdFZz7QL._SL1500_.jpg,89_2
https://m.media-amazon.com/images/I/61Hrn2QmEwL._SL1500_.jpg,90_2
https://m.media-amazon.com/images/I/61sAFuJPJIL._SL1500_.jpg,91_2
https://m.media-amazon.com/images/I/61OmYANvopL._SL1500_.jpg,92_2
https://m.media-amazon.com/images/I/71NiysIKcJL._SL1500_.jpg,93_2
https://m.media-amazon.com/images/I/61xGItjQhNL._SL1500_.jpg,94_2
https://m.media-amazon.com/images/I/61uTL4TK7wL._SL1500_.jpg,95_2
https://m.media-amazon.com/images/I/61kmYZsvLqL._SL1280_.jpg,96_2
https://m.media-amazon.com/images/I/71KnRhPnT9L._SL1500_.jpg,97_2
https://m.media-amazon.com/images/I/619EuaukzxL._SL1500_.jpg,98_2
https://m.media-amazon.com/images/I/71CChLgjDGL._SL1500_.jpg,99_2
https://m.media-amazon.com/images/I/71JzH9OgTrL._SL1500_.jpg,100_2
https://m.media-amazon.com/images/I/61u86WIcuFL._SL1500_.jpg,101_2
https://m.media-amazon.com/images/I/61u86WIcuFL._SL1500_.jpg,102_2
https://m.media-amazon.com/images/I/613U1m9Wo+L._SL1500_.jpg,103_2
https://m.media-amazon.com/images/I/61DJucirwVL._SL1500_.jpg,104_2
https://m.media-amazon.com/images/I/61HB0acPMUL._SL1500_.jpg,105_2
https://m.media-amazon.com/images/I/61+hfmCkY7L._SL1500_.jpg,106_2
https://m.media-amazon.com/images/I/61kseAvgw-L._SL1500_.jpg,107_2
https://m.media-amazon.com/images/I/61SZmOXJ9CL._SL1500_.jpg,108_2
https://m.media-amazon.com/images/I/51soZf1t7jL._SL1500_.jpg,109_2
https://m.media-amazon.com/images/I/610w1M8CjPL._SL1280_.jpg,1_3
https://m.media-amazon.com/images/I/61en5UAiQIL._SL1500_.jpg,2_3
https://m.media-amazon.com/images/I/71BJ-75lPUL._SL1500_.jpg,3_3
https://m.media-amazon.com/images/I/71hDTNCpTHL._SL1500_.jpg,4_3
https://m.media-amazon.com/images/I/71SVF08bxFL._SL1500_.jpg,5_3
https://m.media-amazon.com/images/I/71InaUyH-SL._SL1500_.jpg,6_3
https://m.media-amazon.com/images/I/71prtip8pdL._SL1500_.jpg,7_3
https://m.media-amazon.com/images/I/71+vDpS2VSL._SL1500_.jpg,8_3
https://m.media-amazon.com/images/I/71gNI9ZcvML._SL1500_.jpg,9_3
https://m.media-amazon.com/images/I/71ajCnGXQKL._SL1500_.jpg,10_3
https://m.media-amazon.com/images/I/71RwkeatmyL._SL1500_.jpg,11_3
https://m.media-amazon.com/images/I/71ZZNQrX3zL._SX679_.jpg,12_3
https://m.media-amazon.com/images/I/71hs3A+LTKL._SL1500_.jpg,13_3
https://m.media-amazon.com/images/I/71SIOcsRwRL._SL1500_.jpg,14_3
https://m.media-amazon.com/images/I/71bN964TI7L._SL1500_.jpg,15_3
https://m.media-amazon.com/images/I/71ye3ASCsIL._SL1500_.jpg,16_3
https://m.media-amazon.com/images/I/71mpRrO8cEL._SL1500_.jpg,17_3
https://m.media-amazon.com/images/I/61Ddzs-CM0L._SL1500_.jpg,18_3
https://m.media-amazon.com/images/I/61dSq2EYhZL._SL1500_.jpg,19_3
https://m.media-amazon.com/images/I/61XJiwQZNxL._SL1500_.jpg,20_3
https://m.media-amazon.com/images/I/610DbVT3n3L._SL1500_.jpg,21_3
https://m.media-amazon.com/images/I/61F2dM1MmEL._SL1500_.jpg,22_3
https://m.media-amazon.com/images/I/6195CMv58AL._SL1500_.jpg,23_3
https://m.media-amazon.com/images/I/31oWN23X5YL.jpg,24_3
https://m.media-amazon.com/images/I/31oWN23X5YL.jpg,25_3
https://m.media-amazon.com/images/I/61rOkBCk28L._SL1500_.jpg,26_3
https://m.media-amazon.com/images/I/61H1dd17zOL._SL1500_.jpg,27_3
https://m.media-amazon.com/images/I/61fZtk3ZfZL._SL1500_.jpg,28_3
https://m.media-amazon.com/images/I/61lMWu+uEYL._SL1500_.jpg,29_3
https://m.media-amazon.com/images/I/61z1g8m63TL._SL1500_.jpg,30_3
https://m.media-amazon.com/images/I/61j+EwdRQaL._SL1500_.jpg,31_3
https://m.media-amazon.com/images/I/6167I0vxdxL._SL1500_.jpg,32_3
https://m.media-amazon.com/images/I/6160+VwgCQL._SL1500_.jpg,33_3
https://m.media-amazon.com/images/I/61uvgZKcH0L._SL1500_.jpg,34_3
https://m.media-amazon.com/images/I/71SnfMHgtSL._SL1500_.jpg,35_3
https://m.media-amazon.com/images/I/71SnfMHgtSL._SL1500_.jpg,36_3
https://m.media-amazon.com/images/I/61DM94uIwXL._SL1500_.jpg,37_3
https://m.media-amazon.com/images/I/61DM94uIwXL._SL1500_.jpg,38_3
https://m.media-amazon.com/images/I/71t0TUi6HmL._SL1500_.jpg,39_3
https://m.media-amazon.com/images/I/71gIWnt1ctL._SL1500_.jpg,40_3
https://m.media-amazon.com/images/I/71uOuyOhasL._SL1500_.jpg,41_3
https://m.media-amazon.com/images/I/71uOuyOhasL._SL1500_.jpg,42_3
https://m.media-amazon.com/images/I/71uOuyOhasL._SL1500_.jpg,43_3
https://m.media-amazon.com/images/I/71uOuyOhasL._SL1500_.jpg,44_3
https://m.media-amazon.com/images/I/71V9qUFJzFL._SL1500_.jpg,45_3
https://m.media-amazon.com/images/I/710WoU7gLML._SL1500_.jpg,46_3
https://m.media-amazon.com/images/I/710WoU7gLML._SL1500_.jpg,47_3
https://m.media-amazon.com/images/I/710WoU7gLML._SL1500_.jpg,48_3
https://m.media-amazon.com/images/I/710WoU7gLML._SL1500_.jpg,49_3
https://m.media-amazon.com/images/I/71kisA46RsL._SL1500_.jpg,50_3
https://m.media-amazon.com/images/I/71kisA46RsL._SL1500_.jpg,51_3
https://m.media-amazon.com/images/I/71kisA46RsL._SL1500_.jpg,52_3
https://m.media-amazon.com/images/I/71kisA46RsL._SL1500_.jpg,53_3
https://m.media-amazon.com/images/I/71kisA46RsL._SL1500_.jpg,54_3
https://m.media-amazon.com/images/I/71kisA46RsL._SL1500_.jpg,55_3
https://m.media-amazon.com/images/I/61OGZjaPtgL._SL1500_.jpg,56_3
https://m.media-amazon.com/images/I/613+8B1pbkL._SL1500_.jpg,57_3
https://m.media-amazon.com/images/I/71rhE+y+apL._SL1500_.jpg,58_3
https://m.media-amazon.com/images/I/71rhE+y+apL._SL1500_.jpg,59_3
https://m.media-amazon.com/images/I/71rhE+y+apL._SL1500_.jpg,60_3
https://m.media-amazon.com/images/I/71rhE+y+apL._SL1500_.jpg,61_3
https://m.media-amazon.com/images/I/71rhE+y+apL._SL1500_.jpg,62_3
https://m.media-amazon.com/images/I/71rhE+y+apL._SL1500_.jpg,63_3
https://m.media-amazon.com/images/I/71z8rJadGqL._SL1500_.jpg,64_3
https://m.media-amazon.com/images/I/71z8rJadGqL._SL1500_.jpg,65_3
https://m.media-amazon.com/images/I/71z8rJadGqL._SL1500_.jpg,66_3
https://m.media-amazon.com/images/I/71z8rJadGqL._SL1500_.jpg,67_3
https://m.media-amazon.com/images/I/71z8rJadGqL._SL1500_.jpg,68_3
https://m.media-amazon.com/images/I/71z8rJadGqL._SL1500_.jpg,69_3
https://m.media-amazon.com/images/I/71z8rJadGqL._SL1500_.jpg,70_3
https://m.media-amazon.com/images/I/71z8rJadGqL._SL1500_.jpg,71_3
https://m.media-amazon.com/images/I/71z8rJadGqL._SL1500_.jpg,72_3
https://m.media-amazon.com/images/I/71z8rJadGqL._SL1500_.jpg,73_3
https://m.media-amazon.com/images/I/71z8rJadGqL._SL1500_.jpg,74_3
https://m.media-amazon.com/images/I/71z8rJadGqL._SL1500_.jpg,75_3
https://m.media-amazon.com/images/I/61wEEITUJeL._SL1500_.jpg,76_3
https://m.media-amazon.com/images/I/61wEEITUJeL._SL1500_.jpg,77_3
https://m.media-amazon.com/images/I/61wEEITUJeL._SL1500_.jpg,78_3
https://m.media-amazon.com/images/I/61wEEITUJeL._SL1500_.jpg,79_3
https://m.media-amazon.com/images/I/71t0TUi6HmL._SL1500_.jpg,80_3
https://m.media-amazon.com/images/I/61GF5Qqx8XL._SX679_.jpg,81_3
https://m.media-amazon.com/images/I/61GF5Qqx8XL._SX679_.jpg,82_3
https://m.media-amazon.com/images/I/61GF5Qqx8XL._SX679_.jpg,83_3
https://m.media-amazon.com/images/I/71DW7-CN0WL._SX679_.jpg,84_3
https://m.media-amazon.com/images/I/71Yeb+fL9mL._SX679_.jpg,85_3
https://m.media-amazon.com/images/I/71uO8eT+x+L._SX679_.jpg,86_3
https://m.media-amazon.com/images/I/71Uq7pRutwL._SL1500_.jpg,87_3
https://m.media-amazon.com/images/I/715S-1F0k+L._SL1500_.jpg,88_3
https://m.media-amazon.com/images/I/71qGikgKVuL._SL1500_.jpg,89_3
https://m.media-amazon.com/images/I/71my71hA2jL._SL1500_.jpg,90_3
https://m.media-amazon.com/images/I/71r1t9uH4pL._SL1500_.jpg,91_3
https://m.media-amazon.com/images/I/71NT8zkQG9L._SL1500_.jpg,92_3
https://m.media-amazon.com/images/I/71ebu4kItnL._SL1500_.jpg,93_3
https://m.media-amazon.com/images/I/61-S0ZAvCML._SL1500_.jpg,94_3
https://m.media-amazon.com/images/I/615qApMChkL._SL1500_.jpg,95_3
https://m.media-amazon.com/images/I/61SW+jz5Q9L._SL1280_.jpg,96_3
https://m.media-amazon.com/images/I/61CP-Wfl7XL._SL1500_.jpg,97_3
https://m.media-amazon.com/images/I/61EEalLtqwL._SL1500_.jpg,98_3
https://m.media-amazon.com/images/I/71BSIl6CdeL._SL1500_.jpg,99_3
https://m.media-amazon.com/images/I/71C36ogVrsL._SL1500_.jpg,100_3
https://m.media-amazon.com/images/I/61zDxyds4GL._SL1500_.jpg,101_3
https://m.media-amazon.com/images/I/61zDxyds4GL._SL1500_.jpg,102_3
https://m.media-amazon.com/images/I/618luuD0nDL._SL1500_.jpg,103_3
https://m.media-amazon.com/images/I/61ieeA+A45L._SL1500_.jpg,104_3
https://m.media-amazon.com/images/I/61JmEmCJoEL._SL1500_.jpg,105_3
https://m.media-amazon.com/images/I/61i9uK3tDVL._SL1500_.jpg,106_3
https://m.media-amazon.com/images/I/61XuHblrzhL._SL1500_.jpg,107_3
https://m.media-amazon.com/images/I/61XuHblrzhL._SL1500_.jpg,108_3
https://m.media-amazon.com/images/I/61UXNp8OcqL._SL1500_.jpg,109_3
